1,Itch,Frascone,ifrascone0@mtv.com,Male,231.233.52.173
2,Blanch,De Freyne,bdefreyne1@disqus.com,Female,9.133.184.94
3,Normy,Bennion,nbennion2@webnode.com,Male,41.120.40.217
4,Wrennie,Witts,wwitts3@businesswire.com,Female,126.102.154.236
5,Jaye,Kenshole,jkenshole4@wunderground.com,Male,67.38.215.103
6,Gordan,Gonzalvo,ggonzalvo5@washington.edu,Male,223.65.10.173
7,Garwood,Scoines,gscoines6@virginia.edu,Male,180.219.103.100
8,Bar,Van der Baaren,bvanderbaaren7@printfriendly.com,Male,124.195.182.122
9,Sebastien,Ferrea,sferrea8@people.com.cn,Male,159.24.119.123
10,Renaud,Kulvear,rkulvear9@oaic.gov.au,Male,254.55.125.189
11,Kent,Lishmund,klishmunda@dell.com,Male,119.19.76.23
12,Filmore,Whitwell,fwhitwellb@cornell.edu,Male,221.140.48.54
13,Alley,Matoshin,amatoshinc@foxnews.com,Male,245.21.200.43
14,Briggs,Trumble,btrumbled@blogtalkradio.com,Male,235.77.162.134
15,Galvan,Augustin,gaugustine@pen.io,Male,96.210.130.183
16,Mathian,Hubberstey,mhubbersteyf@livejournal.com,Male,197.1.75.126
17,Valentine,Sabie,vsabieg@51.la,Male,13.168.223.185
18,Vinni,Cordingly,vcordinglyh@amazon.co.jp,Female,236.147.163.196
19,Kippy,Lowing,klowingi@twitter.com,Female,104.48.12.191
20,Sybilla,Milroy,smilroyj@twitter.com,Female,79.145.175.121
21,Allix,Krout,akroutk@tuttocitta.it,Female,54.120.88.36
22,Lexie,Davydoch,ldavydochl@buzzfeed.com,Female,49.251.195.202
23,Maribel,Boissier,mboissierm@bizjournals.com,Female,246.30.143.93
24,Edvard,Fenn,efennn@issuu.com,Male,178.196.27.108
25,Suellen,Crich,scricho@fc2.com,Female,57.161.100.118
26,Marys,Boij,mboijp@google.com.br,Female,65.199.237.144
27,Siward,Eaglesham,seagleshamq@discovery.com,Male,182.85.97.208
28,Welbie,Chree,wchreer@google.de,Male,224.227.255.34
29,Austin,Fitzsymon,afitzsymons@slideshare.net,Male,127.207.10.3
30,Kania,Impey,kimpeyt@cornell.edu,Female,10.110.47.216
31,Antone,Simeonov,asimeonovu@ezinearticles.com,Male,250.65.83.161
32,Arturo,Duesberry,aduesberryv@blogger.com,Male,135.28.185.151
33,Hally,Renad,hrenadw@squarespace.com,Female,227.11.213.51
34,Anitra,Swinerd,aswinerdx@yahoo.co.jp,Female,22.162.26.126
35,Amalle,Madeley,amadeleyy@csmonitor.com,Female,120.195.60.169
36,Hewet,Newton,hnewtonz@ftc.gov,Male,194.194.197.9
37,Ivar,Gasnoll,igasnoll10@salon.com,Male,100.197.157.69
38,Adelaide,Milbourne,amilbourne11@aboutads.info,Female,74.10.208.66
39,Vernon,Keenlayside,vkeenlayside12@dedecms.com,Male,121.161.66.145
40,Meggi,Carnie,mcarnie13@census.gov,Female,163.227.166.245
41,Ailbert,Rafter,arafter14@privacy.gov.au,Male,33.251.231.194
42,Teodora,De Roeck,tderoeck15@smugmug.com,Female,96.50.237.9
43,Ellissa,Kehir,ekehir16@thetimes.co.uk,Female,185.197.252.122
44,Hill,Spottiswood,hspottiswood17@trellian.com,Male,52.26.49.190
45,Tiffanie,Patemore,tpatemore18@yellowbook.com,Female,251.85.69.144
46,Korella,Karlsson,kkarlsson19@godaddy.com,Female,82.37.3.226
47,Gabbey,Sibbert,gsibbert1a@apache.org,Female,135.35.239.198
48,Diane-marie,Rawstron,drawstron1b@forbes.com,Female,98.251.86.106
49,Shaw,Lidgerton,slidgerton1c@xinhuanet.com,Male,154.161.196.88
50,Emylee,McCreery,emccreery1d@cyberchimps.com,Female,139.169.126.117
51,Lelia,Langmuir,llangmuir1e@ameblo.jp,Female,44.195.200.134
52,Artemas,Fieller,afieller1f@ihg.com,Male,36.16.234.172
53,Dimitri,Gudahy,dgudahy1g@mozilla.org,Male,138.215.152.157
54,Ibby,Munt,imunt1h@mayoclinic.com,Female,81.0.15.253
55,Farleigh,Aloway,faloway1i@auda.org.au,Male,115.134.114.78
56,Benedick,Jakolevitch,bjakolevitch1j@digg.com,Male,152.14.80.172
57,Kale,Gregoraci,kgregoraci1k@bravesites.com,Male,17.146.199.124
58,Willamina,Crowth,wcrowth1l@hp.com,Female,125.224.248.223
59,Wilma,Boumphrey,wboumphrey1m@godaddy.com,Female,127.206.247.5
60,Maybelle,Erington,merington1n@ifeng.com,Female,42.173.138.155
61,Dov,Cordelette,dcordelette1o@illinois.edu,Male,19.99.14.8
62,Bobbie,McKinless,bmckinless1p@cyberchimps.com,Male,90.214.52.63
63,Sibeal,Bolino,sbolino1q@mtv.com,Female,215.237.207.165
64,Ezmeralda,Gorwood,egorwood1r@google.co.jp,Female,73.251.29.184
65,Sunshine,Noore,snoore1s@cargocollective.com,Female,88.205.141.235
66,Elton,Geill,egeill1t@nytimes.com,Male,108.130.114.151
67,Keriann,Pietersma,kpietersma1u@yahoo.com,Female,239.118.72.20
68,Ivy,Budge,ibudge1v@wufoo.com,Female,145.53.45.110
69,Ambrosius,Dyers,adyers1w@netlog.com,Male,58.235.233.113
70,Giulio,Grishakov,ggrishakov1x@unesco.org,Male,149.174.95.5
71,Walliw,Hartness,whartness1y@icq.com,Female,14.46.202.215
72,Cullan,Strange,cstrange1z@drupal.org,Male,202.46.79.88
73,Jillane,Housecroft,jhousecroft20@istockphoto.com,Female,145.119.182.90
74,Kare,Piggot,kpiggot21@google.es,Female,189.90.177.204
75,Janet,Bullent,jbullent22@plala.or.jp,Female,48.149.238.69
76,Morgana,Vispo,mvispo23@about.com,Female,35.39.233.50
77,Idell,Buckner,ibuckner24@census.gov,Female,16.1.89.117
78,Seymour,Mathwen,smathwen25@ted.com,Male,66.83.0.234
79,Sloane,McNeilly,smcneilly26@dion.ne.jp,Male,19.180.251.29
80,Celestyn,Igoe,cigoe27@yandex.ru,Female,67.145.249.133
81,Caron,Lanston,clanston28@admin.ch,Female,55.227.40.127
82,Beitris,Duffus,bduffus29@goo.ne.jp,Female,91.33.99.195
83,Stanfield,Meneyer,smeneyer2a@twitter.com,Male,5.164.153.150
84,Adair,Yedall,ayedall2b@mashable.com,Male,66.35.98.50
85,Cecilla,Freear,cfreear2c@behance.net,Female,139.226.131.141
86,Sullivan,Glanfield,sglanfield2d@artisteer.com,Male,154.186.14.247
87,Parry,Philpots,pphilpots2e@opera.com,Male,8.95.190.150
88,Adelina,Dorro,adorro2f@google.it,Female,200.184.103.194
89,Edin,Brydon,ebrydon2g@ucla.edu,Female,79.114.101.84
90,Willy,Jacklings,wjacklings2h@irs.gov,Male,117.15.181.180
91,Jonah,Reese,jreese2i@ustream.tv,Male,220.153.201.247
92,Koralle,Pittle,kpittle2j@xinhuanet.com,Female,1.208.194.92
93,Ninetta,Anfosso,nanfosso2k@smugmug.com,Female,140.100.140.240
94,Gertie,Jaye,gjaye2l@gizmodo.com,Female,163.109.87.70
95,Corly,Jefferd,cjefferd2m@symantec.com,Female,113.234.88.51
96,Schuyler,Machen,smachen2n@youku.com,Male,2.28.154.222
97,Cece,Shorie,cshorie2o@homestead.com,Male,168.1.41.126
98,Kizzee,Eames,keames2p@weibo.com,Female,183.219.166.123
99,Dniren,Maddern,dmaddern2q@plala.or.jp,Female,28.124.192.71
100,Hebert,Burchnall,hburchnall2r@jimdo.com,Male,61.30.140.150
101,Bud,Greschik,bgreschik2s@biblegateway.com,Male,209.18.35.77
102,Irvin,Occleshaw,ioccleshaw2t@51.la,Male,249.134.255.46
103,Christin,Marcos,cmarcos2u@pinterest.com,Female,67.125.251.222
104,Halsy,Ludye,hludye2v@sfgate.com,Male,168.201.213.182
105,Coralie,Stelli,cstelli2w@ihg.com,Female,153.79.246.116
106,Arron,Craigie,acraigie2x@goodreads.com,Male,206.186.169.115
107,Annemarie,Dwyr,adwyr2y@wikipedia.org,Female,162.23.188.84
108,Garreth,Cobello,gcobello2z@hugedomains.com,Male,138.178.209.195
109,Lyndy,Geraldez,lgeraldez30@reddit.com,Female,45.178.168.96
110,Karine,Dollard,kdollard31@yahoo.co.jp,Female,246.113.174.47
111,Belita,Hosten,bhosten32@abc.net.au,Female,12.50.198.79
112,Beth,Caldaro,bcaldaro33@livejournal.com,Female,182.204.87.217
113,Rosabella,Fist,rfist34@usgs.gov,Female,217.16.80.46
114,Chrysler,Caile,ccaile35@apache.org,Female,18.71.43.91
115,Terrill,Phillot,tphillot36@com.com,Male,142.114.57.147
116,Winifield,Scrancher,wscrancher37@telegraph.co.uk,Male,74.187.149.54
117,Arturo,Baggett,abaggett38@hexun.com,Male,126.214.123.60
118,Gaylor,Malcolmson,gmalcolmson39@google.com,Male,132.241.191.52
119,Wendeline,Lutman,wlutman3a@cam.ac.uk,Female,177.108.177.139
120,Katrina,Koeppe,kkoeppe3b@nyu.edu,Female,63.205.192.31
121,Marylynne,Burberow,mburberow3c@opera.com,Female,75.197.41.204
122,Wynny,Bateson,wbateson3d@gnu.org,Female,10.169.120.19
123,Idalia,Gawkes,igawkes3e@rakuten.co.jp,Female,15.59.6.124
124,Clark,Kropach,ckropach3f@prnewswire.com,Male,50.35.21.14
125,Lillian,Stannus,lstannus3g@answers.com,Female,42.14.148.153
126,Hermie,Creane,hcreane3h@sakura.ne.jp,Male,154.186.13.129
127,Izaak,McRonald,imcronald3i@nbcnews.com,Male,219.39.207.245
128,Trueman,Napleton,tnapleton3j@squarespace.com,Male,74.245.132.101
129,Kahaleel,Pallister,kpallister3k@elegantthemes.com,Male,98.242.120.67
130,Pammie,Bertomeu,pbertomeu3l@netlog.com,Female,14.167.204.197
131,Irene,Quennell,iquennell3m@yelp.com,Female,70.27.214.44
132,Stephie,Tredinnick,stredinnick3n@ebay.co.uk,Female,169.57.216.190
133,Isis,Halmkin,ihalmkin3o@storify.com,Female,140.226.140.105
134,Therese,Townes,ttownes3p@fema.gov,Female,253.92.201.78
135,Barclay,Frowd,bfrowd3q@cisco.com,Male,104.219.141.22
136,Benedikta,Gallemore,bgallemore3r@washington.edu,Female,206.28.199.215
137,Dionne,Callard,dcallard3s@ovh.net,Female,211.160.3.159
138,Wanda,Stalley,wstalley3t@washingtonpost.com,Female,165.0.8.136
139,Auroora,Hanington,ahanington3u@princeton.edu,Female,214.3.228.201
140,Shaughn,Commander,scommander3v@census.gov,Male,113.129.40.2
141,Aggi,Titterington,atitterington3w@bigcartel.com,Female,8.31.10.231
142,Celie,Stone,cstone3x@independent.co.uk,Female,111.247.209.80
143,Trent,Noton,tnoton3y@nbcnews.com,Male,138.96.121.13
144,Dyan,Rozenzweig,drozenzweig3z@github.io,Female,8.110.21.102
145,Arlene,Duncan,aduncan40@mapy.cz,Female,200.163.46.121
146,Matelda,Rumke,mrumke41@addtoany.com,Female,89.71.100.167
147,Vicky,Lightman,vlightman42@cornell.edu,Female,93.63.255.201
148,Brad,Hamblen,bhamblen43@chron.com,Male,203.45.184.169
149,Gunilla,Claye,gclaye44@theatlantic.com,Female,71.141.31.113
150,Leonard,Howbrook,lhowbrook45@oakley.com,Male,95.50.119.225
151,Thorsten,Cogman,tcogman46@purevolume.com,Male,198.207.150.137
152,Emyle,Janaszkiewicz,ejanaszkiewicz47@dot.gov,Female,116.119.178.15
153,Ailbert,McGilmartin,amcgilmartin48@gravatar.com,Male,95.27.201.49
154,Alane,De Carteret,adecarteret49@weather.com,Female,227.111.63.194
155,Pierre,Ebertz,pebertz4a@amazon.com,Male,232.58.77.160
156,Susie,Smither,ssmither4b@blogger.com,Female,212.98.36.4
157,Noll,Robelet,nrobelet4c@hud.gov,Male,70.71.105.210
158,Theresina,Alster,talster4d@com.com,Female,149.31.81.182
159,Alisa,Chesnut,achesnut4e@pbs.org,Female,245.125.38.212
160,Anne,Poultney,apoultney4f@bandcamp.com,Female,66.46.20.205
161,Shelden,Andreopolos,sandreopolos4g@wufoo.com,Male,145.210.218.102
162,Ryon,Shelsher,rshelsher4h@miitbeian.gov.cn,Male,135.106.18.23
163,Pammie,Gasker,pgasker4i@geocities.jp,Female,181.200.23.81
164,Abbie,Meth,ameth4j@usnews.com,Male,30.148.142.97
165,Eba,Bardwall,ebardwall4k@miitbeian.gov.cn,Female,119.61.131.157
166,Pat,Rabbitt,prabbitt4l@blogtalkradio.com,Male,156.227.45.49
167,Aurore,Setter,asetter4m@histats.com,Female,166.144.239.137
168,Sylvan,Yurov,syurov4n@fastcompany.com,Male,83.150.46.138
169,Adelice,Dougary,adougary4o@marketwatch.com,Female,236.244.146.247
170,Nicol,Gilcrist,ngilcrist4p@hp.com,Male,93.217.208.195
171,Neron,Rosenfarb,nrosenfarb4q@typepad.com,Male,133.191.43.54
172,Tom,Easdon,teasdon4r@who.int,Male,100.34.66.171
173,Cesar,Toxell,ctoxell4s@i2i.jp,Male,59.84.217.57
174,Waring,Chesshire,wchesshire4t@clickbank.net,Male,176.102.55.106
175,Val,Bernardelli,vbernardelli4u@house.gov,Male,159.151.227.200
176,Dennison,Woollin,dwoollin4v@csmonitor.com,Male,60.193.225.184
177,Nickie,Sprott,nsprott4w@zdnet.com,Female,243.66.223.55
178,Debi,Northcott,dnorthcott4x@virginia.edu,Female,62.129.174.223
179,Far,Okeshott,fokeshott4y@nsw.gov.au,Male,228.155.36.237
180,Israel,Matitiaho,imatitiaho4z@comsenz.com,Male,67.179.185.14
181,Westbrooke,Hastilow,whastilow50@dyndns.org,Male,202.59.146.246
182,Ludovico,Presswell,lpresswell51@de.vu,Male,241.94.103.125
183,Jennifer,Ankrett,jankrett52@hatena.ne.jp,Female,193.138.77.3
184,Vonny,Chopping,vchopping53@cafepress.com,Female,142.250.60.146
185,Stinky,Paddy,spaddy54@abc.net.au,Male,60.46.223.182
186,Zane,Dudney,zdudney55@umich.edu,Male,183.134.189.73
187,Catriona,Earl,cearl56@feedburner.com,Female,14.29.139.147
188,Reinaldos,Andersson,randersson57@wiley.com,Male,24.8.76.131
189,Goraud,Claxson,gclaxson58@storify.com,Male,244.7.50.64
190,Osmund,Karslake,okarslake59@statcounter.com,Male,70.63.60.47
191,Camey,Grass,cgrass5a@goo.gl,Male,74.99.0.222
192,Felizio,Ring,fring5b@ftc.gov,Male,129.197.173.87
193,Westbrooke,Edgerley,wedgerley5c@github.com,Male,132.152.205.160
194,Christye,Fairbairn,cfairbairn5d@nbcnews.com,Female,202.110.191.161
195,Kayle,Aleksandrev,kaleksandrev5e@ovh.net,Female,134.123.104.81
196,Sheelagh,Duling,sduling5f@huffingtonpost.com,Female,56.103.67.181
197,Jakob,Lindfors,jlindfors5g@house.gov,Male,148.88.16.185
198,Trace,Measey,tmeasey5h@unesco.org,Male,217.186.156.159
199,Nicholas,Millichip,nmillichip5i@sciencedaily.com,Male,54.183.48.99
200,Pier,Griss,pgriss5j@zdnet.com,Female,151.23.241.201
201,Killie,McGenn,kmcgenn5k@paypal.com,Male,223.61.205.137
202,Konrad,Biggin,kbiggin5l@senate.gov,Male,187.94.102.162
203,Dulcie,Waliszewski,dwaliszewski5m@elpais.com,Female,244.211.231.92
204,Shirlee,Armsby,sarmsby5n@oakley.com,Female,97.152.157.65
205,Erin,Ciccottini,eciccottini5o@zdnet.com,Female,175.111.119.243
206,Milty,MacCrann,mmaccrann5p@merriam-webster.com,Male,208.27.14.27
207,Harlen,McCombe,hmccombe5q@china.com.cn,Male,65.96.171.232
208,Neville,Lippiello,nlippiello5r@tuttocitta.it,Male,109.140.193.28
209,Sofia,Demeter,sdemeter5s@digg.com,Female,57.103.208.28
210,Lynnelle,Skermer,lskermer5t@simplemachines.org,Female,8.114.117.253
211,Aube,Wickersley,awickersley5u@pinterest.com,Male,58.247.85.36
212,Martita,Vass,mvass5v@theglobeandmail.com,Female,9.26.216.231
213,Burgess,Surmon,bsurmon5w@yellowbook.com,Male,8.101.150.247
214,Riki,Jordine,rjordine5x@businesswire.com,Female,249.211.186.196
215,Ximenez,Sellner,xsellner5y@soundcloud.com,Male,235.247.174.109
216,Jasmin,Hockey,jhockey5z@apache.org,Female,35.207.211.155
217,Cordelie,Buttrum,cbuttrum60@miibeian.gov.cn,Female,63.249.248.29
218,Walt,Apark,wapark61@tiny.cc,Male,152.143.177.94
219,Yul,Wroath,ywroath62@hud.gov,Male,62.51.193.178
220,Tandie,Moyler,tmoyler63@chron.com,Female,20.179.47.93
221,Jillana,Raulin,jraulin64@washingtonpost.com,Female,36.244.73.88
222,Esra,Hopkyns,ehopkyns65@bandcamp.com,Male,33.77.56.241
223,Raquela,Purchon,rpurchon66@hatena.ne.jp,Female,55.155.64.96
224,Hinda,Sellick,hsellick67@gov.uk,Female,42.51.80.221
225,Bordy,Drynan,bdrynan68@bandcamp.com,Male,108.0.28.91
226,Gisela,Meininger,gmeininger69@tinyurl.com,Female,25.4.6.244
227,Flossy,Barnett,fbarnett6a@qq.com,Female,115.59.187.165
228,Gordy,Flannery,gflannery6b@baidu.com,Male,11.64.159.192
229,Sari,Hek,shek6c@ucla.edu,Female,114.33.124.14
230,Ashbey,Sollars,asollars6d@over-blog.com,Male,205.208.104.105
231,Seymour,Starmer,sstarmer6e@europa.eu,Male,222.192.140.122
232,Wilie,Ulrik,wulrik6f@weather.com,Female,167.174.211.57
233,Melita,Shawyer,mshawyer6g@yahoo.co.jp,Female,124.104.236.205
234,Hazlett,Wurz,hwurz6h@etsy.com,Male,4.167.24.188
235,Ade,Haslewood,ahaslewood6i@twitpic.com,Male,214.252.79.135
236,Diarmid,Blouet,dblouet6j@foxnews.com,Male,161.172.215.152
237,Monah,Hazeldine,mhazeldine6k@geocities.jp,Female,219.18.210.242
238,Mose,Figgen,mfiggen6l@globo.com,Male,68.215.222.185
239,Serena,Sucre,ssucre6m@mail.ru,Female,133.89.88.54
240,Vicki,Spargo,vspargo6n@4shared.com,Female,97.6.230.49
241,Elia,Surman,esurman6o@icio.us,Male,77.180.140.140
242,Ashlen,Ashburne,aashburne6p@nifty.com,Female,72.218.251.145
243,Sydelle,Woodroff,swoodroff6q@drupal.org,Female,230.212.124.29
244,Diannne,Teenan,dteenan6r@usa.gov,Female,72.100.181.189
245,Winfield,Jodlkowski,wjodlkowski6s@mozilla.org,Male,99.75.193.168
246,Malissa,Giffard,mgiffard6t@1688.com,Female,73.246.170.30
247,Elinor,Houliston,ehouliston6u@cbsnews.com,Female,76.185.189.253
248,Olympia,Anfossi,oanfossi6v@wiley.com,Female,92.139.126.203
249,James,Dobney,jdobney6w@msu.edu,Male,104.3.79.242
250,Stephanie,Frankland,sfrankland6x@mashable.com,Female,189.130.203.168
251,Charlie,O'Hengerty,cohengerty6y@linkedin.com,Male,198.244.190.217
252,Vicki,Woofendell,vwoofendell6z@mapy.cz,Female,42.77.51.207
253,Clair,Ferryman,cferryman70@123-reg.co.uk,Female,16.139.123.107
254,Klarika,Seville,kseville71@nyu.edu,Female,197.230.202.14
255,Giana,Sinnocke,gsinnocke72@msn.com,Female,167.230.53.68
256,Rosabel,Finnemore,rfinnemore73@usnews.com,Female,209.205.92.246
257,Anjanette,Le Blanc,aleblanc74@hao123.com,Female,218.86.116.57
258,Delmar,Garman,dgarman75@intel.com,Male,97.122.140.42
259,Worth,Bellow,wbellow76@github.com,Male,70.4.64.36
260,Shirlee,Aspinal,saspinal77@sina.com.cn,Female,4.80.145.44
261,Carrol,Ringer,cringer78@biblegateway.com,Male,78.217.246.169
262,Odetta,Brise,obrise79@apple.com,Female,102.97.174.33
263,Demetris,Bazire,dbazire7a@craigslist.org,Male,41.224.139.11
264,Mayer,Wark,mwark7b@mozilla.com,Male,113.156.129.14
265,Levon,Tankin,ltankin7c@latimes.com,Male,235.95.218.244
266,Leland,Sinkins,lsinkins7d@sphinn.com,Male,42.71.62.180
267,Harlie,MacCartney,hmaccartney7e@elegantthemes.com,Female,246.198.70.75
268,Hermia,Pote,hpote7f@statcounter.com,Female,145.211.37.12
269,Lucias,Louisot,llouisot7g@java.com,Male,22.167.44.22
270,Dulcine,Crafter,dcrafter7h@yelp.com,Female,127.223.47.108
271,Foss,Corder,fcorder7i@ameblo.jp,Male,44.171.68.193
272,Lolly,Eatherton,leatherton7j@joomla.org,Female,155.158.46.33
273,Karisa,Philott,kphilott7k@apple.com,Female,201.20.94.124
274,Aldo,Wilby,awilby7l@nyu.edu,Male,100.133.225.240
275,Carmen,Morgen,cmorgen7m@dion.ne.jp,Female,41.177.147.95
276,Baxy,McLenahan,bmclenahan7n@paginegialle.it,Male,35.68.159.119
277,Adrian,Stamper,astamper7o@rediff.com,Female,81.243.24.8
278,Lida,Rosensaft,lrosensaft7p@printfriendly.com,Female,246.134.255.98
279,Zelig,Guiver,zguiver7q@google.com.hk,Male,243.211.113.5
280,Dorris,Bartoszinski,dbartoszinski7r@bloglines.com,Female,163.27.229.12
281,Florenza,Geekin,fgeekin7s@opensource.org,Female,191.108.38.236
282,Forrester,McCurt,fmccurt7t@who.int,Male,102.100.237.111
283,Modestine,Portis,mportis7u@icq.com,Female,186.14.158.175
284,Dallis,MacAfee,dmacafee7v@mozilla.com,Male,239.230.155.242
285,Gay,O'Kynsillaghe,gokynsillaghe7w@nsw.gov.au,Female,139.224.65.255
286,Jock,Cordy,jcordy7x@oracle.com,Male,19.91.229.157
287,Regan,Snape,rsnape7y@harvard.edu,Male,182.40.185.13
288,Robinett,Tilston,rtilston7z@hostgator.com,Female,127.95.22.143
289,Eloise,Rohloff,erohloff80@cocolog-nifty.com,Female,221.164.99.49
290,Jori,Connechie,jconnechie81@creativecommons.org,Female,105.155.166.220
291,Anson,Ibbetson,aibbetson82@wikipedia.org,Male,112.187.238.199
292,Doti,Hadcroft,dhadcroft83@intel.com,Female,125.2.96.236
293,Hirsch,Levi,hlevi84@twitter.com,Male,251.227.240.66
294,Cullie,Leys,cleys85@webs.com,Male,32.91.90.64
295,Sherlocke,Jude,sjude86@tripadvisor.com,Male,116.71.26.223
296,Ariella,Pencot,apencot87@amazon.co.uk,Female,83.239.93.22
297,Joyan,Vernau,jvernau88@alexa.com,Female,193.145.243.251
298,Scarface,Shutte,sshutte89@vinaora.com,Male,2.225.194.78
299,Randolph,Yukhnov,ryukhnov8a@sfgate.com,Male,210.113.17.107
300,Antoni,Engel,aengel8b@facebook.com,Male,143.160.183.141
301,Dollie,Martinetto,dmartinetto8c@spotify.com,Female,73.37.200.204
302,Adi,Skeen,askeen8d@wikipedia.org,Female,176.59.167.14
303,Fitz,Copelli,fcopelli8e@dedecms.com,Male,185.240.222.159
304,Cammy,Belison,cbelison8f@stumbleupon.com,Male,207.114.49.241
305,Templeton,Morris,tmorris8g@unc.edu,Male,175.172.164.160
306,Viole,Jakeman,vjakeman8h@amazon.com,Female,182.124.97.180
307,Skylar,Swidenbank,sswidenbank8i@bravesites.com,Male,69.36.187.39
308,Lucio,Bollans,lbollans8j@instagram.com,Male,117.211.104.18
309,Monica,Acklands,macklands8k@bigcartel.com,Female,177.254.128.220
310,Ryley,Risby,rrisby8l@amazon.de,Male,92.187.149.96
311,Corny,Matussov,cmatussov8m@baidu.com,Male,253.205.178.124
312,Justinn,Gulston,jgulston8n@canalblog.com,Female,2.46.253.141
313,Carce,O'Cooney,cocooney8o@wordpress.com,Male,109.93.40.23
314,Homerus,Oulett,houlett8p@toplist.cz,Male,218.8.141.57
315,Merell,Dishmon,mdishmon8q@barnesandnoble.com,Male,2.226.203.233
316,Waldemar,Hakonsen,whakonsen8r@bbc.co.uk,Male,48.106.129.22
317,Matteo,Cankett,mcankett8s@smugmug.com,Male,87.8.203.58
318,Haleigh,Ferrillo,hferrillo8t@arstechnica.com,Female,158.158.189.4
319,Waylin,Garner,wgarner8u@furl.net,Male,71.79.234.123
320,Adah,Lettice,alettice8v@scientificamerican.com,Female,92.214.30.232
321,Case,Shepard,cshepard8w@army.mil,Male,94.20.97.165
322,Josepha,Bus,jbus8x@jimdo.com,Female,72.200.205.62
323,Katalin,Etherson,ketherson8y@macromedia.com,Female,88.174.17.197
324,Bert,Westberg,bwestberg8z@dmoz.org,Female,221.20.66.46
325,Delcine,Cowwell,dcowwell90@biblegateway.com,Female,89.72.244.162
326,Laurice,Mathewson,lmathewson91@apple.com,Female,205.30.106.68
327,Sully,Flanders,sflanders92@state.gov,Male,143.185.179.254
328,Broderick,Welchman,bwelchman93@multiply.com,Male,249.155.239.1
329,Malena,Viveash,mviveash94@amazonaws.com,Female,115.134.161.23
330,Morey,Lethabridge,mlethabridge95@netvibes.com,Male,197.40.135.9
331,Derick,Scraney,dscraney96@pbs.org,Male,121.222.247.203
332,Nana,Sultan,nsultan97@rakuten.co.jp,Female,64.111.19.234
333,Lark,Pounder,lpounder98@yellowpages.com,Female,73.249.233.226
334,Daune,Ashbee,dashbee99@arizona.edu,Female,168.70.20.56
335,Ber,Sueter,bsueter9a@mail.ru,Male,87.134.207.220
336,Karena,Yaakov,kyaakov9b@de.vu,Female,176.58.180.76
337,Angelico,Darkins,adarkins9c@elegantthemes.com,Male,57.146.225.131
338,Ingeberg,Bayford,ibayford9d@nytimes.com,Female,214.196.114.119
339,Idalina,Belle,ibelle9e@hhs.gov,Female,102.52.227.216
340,Hashim,Tredgold,htredgold9f@youtu.be,Male,72.76.174.112
341,Crosby,Lockhart,clockhart9g@epa.gov,Male,73.205.191.126
342,Clementia,Lacy,clacy9h@altervista.org,Female,122.226.143.46
343,Shaun,Doldon,sdoldon9i@accuweather.com,Female,16.29.7.19
344,Courtney,Matherson,cmatherson9j@gnu.org,Female,114.139.102.107
345,Eulalie,Cunnane,ecunnane9k@homestead.com,Female,11.165.226.94
346,Leupold,Dunkley,ldunkley9l@irs.gov,Male,118.202.7.246
347,Dasya,Normanvill,dnormanvill9m@csmonitor.com,Female,15.233.10.123
348,Korella,Ovington,kovington9n@creativecommons.org,Female,59.4.178.18
349,Ralf,Tezure,rtezure9o@friendfeed.com,Male,46.89.228.70
350,Cammy,Manuel,cmanuel9p@google.com.br,Female,255.60.146.117
351,Teddie,Snawden,tsnawden9q@columbia.edu,Female,249.197.72.247
352,Jedediah,Toovey,jtoovey9r@4shared.com,Male,217.142.149.254
353,Mattias,Disbrow,mdisbrow9s@msn.com,Male,155.250.219.194
354,Carolina,Balogh,cbalogh9t@delicious.com,Female,180.158.247.90
355,Illa,Roycroft,iroycroft9u@va.gov,Female,0.38.125.165
356,Kendre,Razzell,krazzell9v@wisc.edu,Female,60.3.107.47
357,Goddart,Lannen,glannen9w@joomla.org,Male,46.35.214.242
358,Nari,Delieu,ndelieu9x@ucla.edu,Female,141.23.6.165
359,Ashby,Mehmet,amehmet9y@cdc.gov,Male,11.80.19.62
360,Claudine,Conti,cconti9z@fotki.com,Female,239.87.187.7
361,Maggie,Nelthrop,mnelthropa0@bloglovin.com,Female,128.53.156.109
362,Enrico,Wallsam,ewallsama1@europa.eu,Male,100.3.202.208
363,Glenda,Sharples,gsharplesa2@ed.gov,Female,209.234.191.94
364,Hayward,Peinton,hpeintona3@fda.gov,Male,114.164.36.66
365,Glenn,Pawnsford,gpawnsforda4@mediafire.com,Male,116.16.81.124
366,Kliment,Kondrat,kkondrata5@hatena.ne.jp,Male,121.157.223.31
367,Twila,Geggus,tgeggusa6@histats.com,Female,211.76.119.246
368,Lorraine,Puig,lpuiga7@cocolog-nifty.com,Female,75.96.37.34
369,Hersh,Kiely,hkielya8@cafepress.com,Male,90.33.69.254
370,Ulrick,Bamber,ubambera9@gov.uk,Male,254.9.41.31
371,Hakeem,Grabban,hgrabbanaa@craigslist.org,Male,228.252.9.231
372,Missie,Cruise,mcruiseab@un.org,Female,192.222.177.4
373,West,Cozens,wcozensac@nydailynews.com,Male,148.101.171.42
374,Cleveland,Tyght,ctyghtad@360.cn,Male,9.4.170.21
375,Red,Leverage,rleverageae@blogspot.com,Male,29.132.148.81
376,Ferdy,Biddy,fbiddyaf@webeden.co.uk,Male,54.252.153.74
377,Xenia,Hinkensen,xhinkensenag@gravatar.com,Female,84.18.195.33
378,Reuben,Leband,rlebandah@goodreads.com,Male,94.109.174.196
379,Feliza,Reffe,freffeai@domainmarket.com,Female,36.221.65.31
380,Natalya,Biggerdike,nbiggerdikeaj@cdbaby.com,Female,48.216.136.107
381,Prescott,Vanyukov,pvanyukovak@apple.com,Male,143.34.167.249
382,Denice,Braybrook,dbraybrookal@cloudflare.com,Female,6.166.255.150
383,Gearalt,Cowperthwaite,gcowperthwaiteam@reverbnation.com,Male,228.132.12.225
384,Kandy,Fildes,kfildesan@google.com.br,Female,182.224.85.228
385,Quintana,Skinn,qskinnao@amazon.co.uk,Female,101.25.158.109
386,Isahella,Hares,iharesap@rakuten.co.jp,Female,38.99.186.181
387,Banky,Bavister,bbavisteraq@vistaprint.com,Male,193.225.76.117
388,Jae,Cassely,jcasselyar@bbc.co.uk,Male,170.136.29.225
389,Gardiner,Housegoe,ghousegoeas@canalblog.com,Male,14.238.165.46
390,Ailee,Skylett,askylettat@yelp.com,Female,230.61.61.234
391,Jacob,Rhead,jrheadau@nih.gov,Male,102.164.52.111
392,Olympia,Caris,ocarisav@mlb.com,Female,138.49.2.203
393,Evelyn,Pentecust,epentecustaw@phpbb.com,Male,191.122.40.166
394,Stavros,Kender,skenderax@apache.org,Male,92.189.92.146
395,Emera,Bonnier,ebonnieray@issuu.com,Female,0.175.40.50
396,Giselle,Shotton,gshottonaz@ning.com,Female,34.21.57.124
397,Berkeley,Meiningen,bmeiningenb0@guardian.co.uk,Male,96.198.31.71
398,Giffie,Farrer,gfarrerb1@jimdo.com,Male,71.248.222.186
399,Courtney,Denington,cdeningtonb2@reference.com,Male,98.45.46.65
400,Trudi,Winspear,twinspearb3@zimbio.com,Female,165.245.177.174
401,Jenilee,Blackborne,jblackborneb4@cbslocal.com,Female,253.62.121.18
402,Christabel,Turmall,cturmallb5@mtv.com,Female,102.15.133.103
403,Gustie,Elleyne,gelleyneb6@discovery.com,Female,206.38.111.235
404,Cody,Obell,cobellb7@is.gd,Male,227.235.177.153
405,Merilyn,Harkes,mharkesb8@nature.com,Female,71.41.29.72
406,Celia,Staddart,cstaddartb9@gravatar.com,Female,172.182.95.40
407,Marie-ann,Olyet,molyetba@rediff.com,Female,191.228.58.37
408,Neile,Pavel,npavelbb@over-blog.com,Female,171.197.62.22
409,Daven,Vellden,dvelldenbc@behance.net,Male,117.183.222.38
410,Fulton,Kolushev,fkolushevbd@elegantthemes.com,Male,133.11.117.205
411,Shanon,Leate,sleatebe@sakura.ne.jp,Female,230.201.242.105
412,Ashlee,Skyram,askyrambf@japanpost.jp,Female,197.219.167.197
413,Renee,Headingham,rheadinghambg@loc.gov,Female,158.191.65.190
414,Nerita,Addyman,naddymanbh@issuu.com,Female,156.84.158.220
415,Oran,Dowthwaite,odowthwaitebi@behance.net,Male,14.209.218.140
416,Whit,Streets,wstreetsbj@addthis.com,Male,13.212.251.0
417,Doro,Antonazzi,dantonazzibk@deliciousdays.com,Female,213.105.253.156
418,Blondelle,Biner,bbinerbl@salon.com,Female,129.189.125.70
419,Gerta,Rummins,grumminsbm@sfgate.com,Female,55.17.17.245
420,Rutger,Garner,rgarnerbn@yahoo.co.jp,Male,117.162.110.206
421,Janith,Stratten,jstrattenbo@4shared.com,Female,30.23.43.106
422,Gavin,Cottell,gcottellbp@sciencedaily.com,Male,137.204.134.76
423,Rianon,Blumer,rblumerbq@skyrock.com,Female,19.109.171.168
424,Byran,Hurne,bhurnebr@illinois.edu,Male,212.88.114.134
425,Giffer,Possell,gpossellbs@cdbaby.com,Male,34.243.228.105
426,Roz,Peach,rpeachbt@newyorker.com,Female,8.50.117.210
427,Janek,Dorgan,jdorganbu@comsenz.com,Male,223.10.5.17
428,Silvanus,Haveline,shavelinebv@huffingtonpost.com,Male,11.243.94.198
429,Essa,Lorey,eloreybw@goodreads.com,Female,75.244.193.153
430,Justus,Grund,jgrundbx@bizjournals.com,Male,180.42.104.226
431,Etan,Nunns,enunnsby@moonfruit.com,Male,4.142.196.181
432,Justis,Camilli,jcamillibz@wired.com,Male,237.40.172.200
433,Imelda,Coey,icoeyc0@hatena.ne.jp,Female,0.176.196.179
434,Nickolas,Malkinson,nmalkinsonc1@sourceforge.net,Male,106.245.184.164
435,Salomon,Cadwaladr,scadwaladrc2@abc.net.au,Male,84.214.182.89
436,Tabatha,Awcoate,tawcoatec3@arizona.edu,Female,35.193.201.58
437,Gualterio,Maxwale,gmaxwalec4@noaa.gov,Male,163.42.169.198
438,Carly,Thomerson,cthomersonc5@java.com,Male,60.44.95.224
439,Casie,Noblett,cnoblettc6@unicef.org,Female,54.205.40.178
440,Adair,Couling,acoulingc7@webeden.co.uk,Male,234.17.189.40
441,Dilan,Blackley,dblackleyc8@ted.com,Male,185.149.218.139
442,Cele,Broadhurst,cbroadhurstc9@unblog.fr,Female,86.110.186.203
443,Marleen,Stephens,mstephensca@com.com,Female,105.48.98.129
444,Roosevelt,De Carolis,rdecaroliscb@imageshack.us,Male,188.169.50.29
445,Reggis,Bergin,rbergincc@vimeo.com,Male,92.194.151.134
446,Harvey,Gillanders,hgillanderscd@businessinsider.com,Male,83.77.95.221
447,Tristam,Coakley,tcoakleyce@mashable.com,Male,252.26.210.20
448,Patience,Bemlott,pbemlottcf@dmoz.org,Female,184.106.207.196
449,Virgie,Welbelove,vwelbelovecg@homestead.com,Male,61.4.41.76
450,Pietrek,Martinie,pmartiniech@fastcompany.com,Male,126.37.167.195
451,Bentlee,Bilham,bbilhamci@google.com.br,Male,177.144.56.22
452,Neron,Robson,nrobsoncj@dmoz.org,Male,59.249.180.106
453,Alard,Gartery,agarteryck@vinaora.com,Male,117.121.36.37
454,Estevan,Kelner,ekelnercl@booking.com,Male,237.199.146.50
455,Michal,McAreavey,mmcareaveycm@bbb.org,Female,251.4.175.79
456,Emmalee,Condon,econdoncn@wired.com,Female,163.0.177.63
457,Tyrone,Nealy,tnealyco@cyberchimps.com,Male,245.95.150.175
458,Jimmy,Tomaszkiewicz,jtomaszkiewiczcp@devhub.com,Male,208.201.156.227
459,Siward,Cardo,scardocq@alexa.com,Male,67.181.168.178
460,Jakie,Cuzen,jcuzencr@amazonaws.com,Male,63.85.16.164
461,Loella,Hucke,lhuckecs@imageshack.us,Female,202.44.198.202
462,Hal,Clancy,hclancyct@typepad.com,Male,143.73.107.223
463,Elie,McRonald,emcronaldcu@cnet.com,Female,98.239.134.166
464,Elvis,Feander,efeandercv@newyorker.com,Male,172.191.118.254
465,Courtnay,Whodcoat,cwhodcoatcw@xinhuanet.com,Male,6.98.117.248
466,Ciel,Corderoy,ccorderoycx@webeden.co.uk,Female,150.145.69.48
467,Royce,Berendsen,rberendsency@sina.com.cn,Male,175.167.139.148
468,Noby,McFie,nmcfiecz@qq.com,Male,236.225.169.206
469,Adams,Lazarus,alazarusd0@fastcompany.com,Male,45.209.132.0
470,Martin,Hoggan,mhoggand1@usa.gov,Male,82.222.208.66
471,Waldo,Feak,wfeakd2@joomla.org,Male,157.94.231.101
472,Lida,Benz,lbenzd3@icq.com,Female,28.120.99.33
473,Lesley,Bogey,lbogeyd4@wired.com,Female,191.30.209.99
474,Odey,Weavers,oweaversd5@digg.com,Male,93.175.26.221
475,Ailina,Ramsier,aramsierd6@un.org,Female,247.159.180.172
476,Benedict,Arundel,barundeld7@guardian.co.uk,Male,55.214.55.36
477,Haleigh,Mapston,hmapstond8@marketwatch.com,Female,152.21.226.136
478,Welsh,Culshaw,wculshawd9@reddit.com,Male,241.28.7.144
479,Maurits,Portingale,mportingaleda@nymag.com,Male,17.202.211.78
480,Virgina,St. John,vstjohndb@hc360.com,Female,145.60.38.33
481,Thoma,Medlin,tmedlindc@slideshare.net,Male,192.203.11.251
482,Lonnie,Want,lwantdd@aol.com,Female,106.228.196.119
483,Shawn,Jeskin,sjeskinde@narod.ru,Female,221.204.170.219
484,Samson,Solesbury,ssolesburydf@exblog.jp,Male,127.114.246.222
485,Broderick,Geraldo,bgeraldodg@harvard.edu,Male,94.149.198.39
486,Helen,Halpine,hhalpinedh@artisteer.com,Female,36.165.5.84
487,Zonnya,Trassler,ztrasslerdi@ustream.tv,Female,192.17.106.138
488,Barbi,Dungay,bdungaydj@ftc.gov,Female,158.99.87.57
489,Darlleen,Poncet,dponcetdk@google.pl,Female,14.242.54.179
490,Shellysheldon,Halward,shalwarddl@ox.ac.uk,Male,101.73.159.31
491,Berke,McCauley,bmccauleydm@github.io,Male,173.233.208.209
492,Gilburt,O'Lennachain,golennachaindn@dailymotion.com,Male,29.171.39.151
493,Giacopo,Furphy,gfurphydo@nps.gov,Male,154.121.197.3
494,Emmey,Witham,ewithamdp@hatena.ne.jp,Female,210.159.64.244
495,Humfrid,Ashurst,hashurstdq@mtv.com,Male,3.222.176.254
496,Morten,Jelleman,mjellemandr@1688.com,Male,87.101.15.101
497,Fancie,Woodroofe,fwoodroofeds@wired.com,Female,62.36.8.195
498,Elfreda,Bilverstone,ebilverstonedt@ibm.com,Female,85.5.90.245
499,Elmo,Butson,ebutsondu@dot.gov,Male,239.4.13.210
500,Agnella,Kehri,akehridv@jigsy.com,Female,192.119.83.212
501,Jed,Rustan,jrustandw@php.net,Male,182.125.88.127
502,Carolee,Mingay,cmingaydx@bbc.co.uk,Female,150.242.47.121
503,Lenette,Asmus,lasmusdy@amazon.co.uk,Female,255.142.80.47
504,Giovanna,Jillins,gjillinsdz@buzzfeed.com,Female,188.42.108.97
505,Winfield,Gaither,wgaithere0@apple.com,Male,209.157.132.1
506,Gertrudis,Malter,gmaltere1@spiegel.de,Female,94.103.167.141
507,Jasmin,Petera,jpeterae2@imageshack.us,Female,73.132.12.141
508,Liesa,Elam,lelame3@ifeng.com,Female,154.101.201.69
509,Emalee,Castree,ecastreee4@bravesites.com,Female,49.195.62.144
510,Ramon,Troth,rtrothe5@nymag.com,Male,183.221.72.14
511,Dareen,Janeczek,djaneczeke6@sfgate.com,Female,22.239.172.168
512,Letty,Croisdall,lcroisdalle7@cmu.edu,Female,182.223.15.19
513,Lionello,Swoffer,lswoffere8@tiny.cc,Male,249.123.6.216
514,Burgess,Bond,bbonde9@google.es,Male,220.205.162.180
515,Farlay,Norwich,fnorwichea@issuu.com,Male,209.71.86.252
516,Sidoney,Roman,sromaneb@goodreads.com,Female,169.244.247.189
517,Cobb,Blankau,cblankauec@icio.us,Male,233.54.73.172
518,Gannie,Aickin,gaickined@ebay.com,Male,140.226.241.68
519,Elnora,Rouchy,erouchyee@taobao.com,Female,108.104.155.62
520,Shell,Lattos,slattosef@wordpress.org,Male,247.212.242.157
521,Kalindi,Rubin,krubineg@wikipedia.org,Female,191.235.218.114
522,Dulcy,Kinastan,dkinastaneh@auda.org.au,Female,194.84.62.30
523,Madalena,Hallagan,mhallaganei@simplemachines.org,Female,6.52.1.21
524,Kaile,Bullar,kbullarej@icio.us,Female,219.212.226.139
525,Blisse,Martensen,bmartensenek@google.com.br,Female,168.117.166.252
526,Waldemar,Poleye,wpoleyeel@prlog.org,Male,183.139.221.113
527,Decca,Selwyn,dselwynem@jugem.jp,Male,72.107.54.183
528,Pail,Grigoire,pgrigoireen@creativecommons.org,Male,211.237.74.225
529,Conni,Carolan,ccarolaneo@hp.com,Female,244.105.250.255
530,Red,Moreby,rmorebyep@skype.com,Male,44.181.55.61
531,Zebulen,Dowber,zdowbereq@jiathis.com,Male,89.69.172.255
532,Glynn,Nibley,gnibleyer@google.com.au,Male,252.59.241.9
533,Ad,Pellew,apellewes@exblog.jp,Male,208.76.240.51
534,Torre,Isham,tishamet@baidu.com,Male,36.60.24.15
535,Rayna,Kilfeder,rkilfedereu@wiley.com,Female,8.193.127.122
536,D'arcy,de Almeida,ddealmeidaev@harvard.edu,Male,236.165.98.191
537,Lorinda,Toth,ltothew@virginia.edu,Female,98.57.0.246
538,Noelle,Tolotti,ntolottiex@nps.gov,Female,31.117.173.143
539,Reggie,Obbard,robbardey@imgur.com,Female,59.162.93.205
540,Cory,Debrick,cdebrickez@bbb.org,Male,84.130.181.79
541,Kirsti,Coppenhall,kcoppenhallf0@bandcamp.com,Female,231.189.130.167
542,Zacharia,Beric,zbericf1@webs.com,Male,37.74.250.23
543,Phedra,Fawdry,pfawdryf2@mapy.cz,Female,193.141.203.64
544,Peadar,Hargrave,phargravef3@ucoz.com,Male,99.59.138.189
545,Margaux,Cheeld,mcheeldf4@gov.uk,Female,73.225.150.87
546,Beryle,Robert,brobertf5@ft.com,Female,114.223.72.177
547,Ivan,Gouly,igoulyf6@google.com.br,Male,32.77.103.2
548,Rafael,O'Hone,rohonef7@dailymail.co.uk,Male,96.100.211.235
549,Davon,Dinsell,ddinsellf8@quantcast.com,Male,245.162.23.156
550,Ursuline,Findley,ufindleyf9@dagondesign.com,Female,28.177.39.190
551,Bonnibelle,Brace,bbracefa@prweb.com,Female,61.182.5.206
552,Jean,Ruckhard,jruckhardfb@51.la,Male,161.102.210.0
553,Alvie,Tatnell,atatnellfc@seesaa.net,Male,170.222.172.200
554,Corilla,Wapple,cwapplefd@phpbb.com,Female,188.105.196.58
555,Conchita,Shapcott,cshapcottfe@patch.com,Female,228.197.25.162
556,Florence,Pirri,fpirriff@pbs.org,Female,212.220.81.19
557,Bebe,Mastrantone,bmastrantonefg@geocities.com,Female,63.54.26.31
558,Tessi,Nicholls,tnichollsfh@newsvine.com,Female,177.172.150.157
559,Catherine,Feehily,cfeehilyfi@bloomberg.com,Female,171.89.242.137
560,Golda,Skyme,gskymefj@unblog.fr,Female,99.200.253.5
561,Sabine,Hatherley,shatherleyfk@arizona.edu,Female,20.46.70.213
562,Jolene,Meran,jmeranfl@stanford.edu,Female,209.50.237.48
563,Cordie,Attkins,cattkinsfm@biglobe.ne.jp,Male,117.229.206.182
564,Gisela,Ashforth,gashforthfn@unc.edu,Female,26.178.147.63
565,Yolande,Calf,ycalffo@joomla.org,Female,223.72.210.255
566,Amalee,Loukes,aloukesfp@slate.com,Female,147.99.83.105
567,Yolane,Tommeo,ytommeofq@java.com,Female,170.138.100.156
568,Muire,Pagelsen,mpagelsenfr@cornell.edu,Female,75.172.175.191
569,Gun,D'Agostini,gdagostinifs@trellian.com,Male,118.168.175.98
570,Berte,Fennelow,bfennelowft@bigcartel.com,Female,138.49.89.85
571,Vanny,Balcock,vbalcockfu@go.com,Female,138.190.45.42
572,Allsun,Abrehart,aabrehartfv@plala.or.jp,Female,22.22.247.134
573,Eben,Kinneally,ekinneallyfw@google.es,Male,109.55.6.106
574,Marilin,Phelps,mphelpsfx@edublogs.org,Female,180.251.232.125
575,Rogers,Fielden,rfieldenfy@netvibes.com,Male,250.247.38.164
576,Constanta,Kubek,ckubekfz@shinystat.com,Female,174.41.161.113
577,Grantley,Eaves,geavesg0@youku.com,Male,248.145.6.55
578,Gilberte,Urlin,gurling1@who.int,Female,170.51.50.56
579,Sayer,Armiger,sarmigerg2@surveymonkey.com,Male,151.103.41.124
580,Cassandry,Scallon,cscallong3@chron.com,Female,145.97.198.166
581,Redd,Jacqueme,rjacquemeg4@google.pl,Male,68.190.176.160
582,Lillian,Sherer,lshererg5@123-reg.co.uk,Female,224.57.205.129
583,Justin,Brickham,jbrickhamg6@baidu.com,Male,16.143.217.180
584,Abner,Tirte,atirteg7@redcross.org,Male,58.22.95.45
585,Modesta,Giuroni,mgiuronig8@artisteer.com,Female,126.136.186.2
586,Mersey,Clever,mcleverg9@nasa.gov,Female,199.60.158.152
587,Chucho,Hamberston,chamberstonga@github.com,Male,200.217.216.153
588,Ryun,Briton,rbritongb@state.tx.us,Male,98.16.55.30
589,Nowell,Diche,ndichegc@hp.com,Male,248.127.215.53
590,Phillipe,MacGowan,pmacgowangd@mlb.com,Male,17.127.33.34
591,Tiffani,Bebis,tbebisge@netlog.com,Female,81.188.249.205
592,Roxanne,Johansen,rjohansengf@wikia.com,Female,255.157.119.138
593,Alana,Harston,aharstongg@dailymotion.com,Female,35.77.66.46
594,Geoff,Balfour,gbalfourgh@state.tx.us,Male,182.138.89.123
595,Tore,Elcy,telcygi@amazon.co.uk,Male,231.201.28.101
596,Vincent,Gaylard,vgaylardgj@twitter.com,Male,188.167.120.44
597,Hector,Casarino,hcasarinogk@live.com,Male,128.156.150.140
598,Saunderson,Trigg,strigggl@abc.net.au,Male,109.197.158.184
599,Bing,St Leger,bstlegergm@cbc.ca,Male,237.172.200.238
600,Diann,Currin,dcurringn@usda.gov,Female,201.237.79.220
601,Keeley,Storcke,kstorckego@gov.uk,Female,159.71.165.244
602,Carroll,Godmar,cgodmargp@vistaprint.com,Male,18.183.38.51
603,Rogerio,Wavish,rwavishgq@vimeo.com,Male,84.23.74.76
604,Sandro,Woehler,swoehlergr@hugedomains.com,Male,23.212.208.96
605,Jonis,Stanfield,jstanfieldgs@amazon.co.uk,Female,123.24.228.182
606,Ritchie,Sellar,rsellargt@sourceforge.net,Male,149.155.74.137
607,Anne,Yakovliv,ayakovlivgu@cnbc.com,Female,95.78.46.125
608,Gaspard,Lanfer,glanfergv@dailymail.co.uk,Male,155.51.110.252
609,Zachery,Antat,zantatgw@dell.com,Male,57.168.160.144
610,Holly,McKenney,hmckenneygx@shutterfly.com,Female,254.101.12.224
611,Tobey,Thurner,tthurnergy@blogspot.com,Female,99.54.165.207
612,Ahmad,MacCoughan,amaccoughangz@ted.com,Male,209.87.60.5
613,Liv,Candish,lcandishh0@live.com,Female,95.138.28.72
614,Nanete,Cruess,ncruessh1@sourceforge.net,Female,174.151.61.105
615,Earlie,Veronique,everoniqueh2@comsenz.com,Male,29.204.217.54
616,Clevey,Efford,ceffordh3@theatlantic.com,Male,125.130.119.161
617,Bev,Lowen,blowenh4@myspace.com,Female,109.213.159.254
618,Mildrid,Binder,mbinderh5@last.fm,Female,133.137.231.238
619,Nessy,Emlyn,nemlynh6@networksolutions.com,Female,178.73.109.81
620,Walsh,Vigietti,wvigiettih7@twitter.com,Male,163.32.121.122
621,Jessie,Wishart,jwisharth8@bluehost.com,Female,98.183.28.65
622,Elton,Antliff,eantliffh9@reddit.com,Male,7.107.38.45
623,Trixy,Hasney,thasneyha@army.mil,Female,36.24.153.42
624,Benedetto,Henker,bhenkerhb@imgur.com,Male,168.118.201.101
625,Moise,Cockrell,mcockrellhc@accuweather.com,Male,190.228.234.118
626,Hi,Baxandall,hbaxandallhd@ed.gov,Male,243.43.105.252
627,Bianka,Conley,bconleyhe@ovh.net,Female,198.147.42.106
628,Elsa,Josefson,ejosefsonhf@t.co,Female,26.192.25.65
629,Coralie,Ellick,cellickhg@geocities.jp,Female,187.125.97.207
630,Rurik,Feye,rfeyehh@a8.net,Male,78.162.67.167
631,Charline,Thomasson,cthomassonhi@patch.com,Female,34.231.30.143
632,Andros,Vere,averehj@i2i.jp,Male,39.152.102.207
633,Sharline,Mawer,smawerhk@about.com,Female,226.17.183.147
634,Orson,Lacase,olacasehl@opensource.org,Male,221.122.1.212
635,Frannie,Bamlett,fbamletthm@marriott.com,Male,38.130.121.16
636,Arley,Arundell,aarundellhn@state.gov,Male,149.0.135.28
637,Norris,Covelle,ncovelleho@github.com,Male,80.91.120.48
638,Junia,Lavens,jlavenshp@slideshare.net,Female,178.214.159.130
639,Madlen,Erasmus,merasmushq@altervista.org,Female,225.238.243.172
640,Dannel,Spurrett,dspurretthr@ftc.gov,Male,136.121.40.242
641,Rube,Thatcher,rthatcherhs@yale.edu,Male,27.118.144.111
642,Nola,January 1st,njanuarystht@google.com.hk,Female,192.241.141.219
643,Agneta,Dauby,adaubyhu@netscape.com,Female,111.238.27.196
644,Chandra,Donner,cdonnerhv@nationalgeographic.com,Female,72.210.189.113
645,Farly,Pynn,fpynnhw@ebay.co.uk,Male,96.57.133.56
646,Rosemonde,Trimby,rtrimbyhx@paginegialle.it,Female,202.109.247.24
647,Thurston,Dallicott,tdallicotthy@bloomberg.com,Male,83.100.55.154
648,Romeo,McIlwraith,rmcilwraithhz@cnet.com,Male,241.134.37.142
649,Ursula,Bambrough,ubambroughi0@nationalgeographic.com,Female,244.16.158.178
650,Irvin,Crandon,icrandoni1@huffingtonpost.com,Male,41.137.82.91
651,Zelig,Ollenbuttel,zollenbutteli2@un.org,Male,253.45.218.171
652,Vikky,Castagnaro,vcastagnaroi3@webeden.co.uk,Female,3.9.132.65
653,Raymund,Raw,rrawi4@flickr.com,Male,177.231.139.152
654,Bendicty,McKirdy,bmckirdyi5@answers.com,Male,245.141.174.76
655,Putnam,Riordan,priordani6@jigsy.com,Male,47.108.234.74
656,Care,Shemmin,cshemmini7@de.vu,Male,65.35.254.200
657,Meredithe,Ohanessian,mohanessiani8@irs.gov,Female,77.164.29.161
658,Prescott,Burnage,pburnagei9@mtv.com,Male,253.57.132.243
659,Abe,Radbourne,aradbourneia@telegraph.co.uk,Male,116.60.189.72
660,Hobie,Bapty,hbaptyib@virginia.edu,Male,187.21.155.115
661,Chester,Mocquer,cmocqueric@icio.us,Male,24.190.59.36
662,Lindsay,McMarquis,lmcmarquisid@ustream.tv,Female,206.28.113.247
663,Lacy,Bosanko,lbosankoie@redcross.org,Female,124.252.71.87
664,Mal,Hayth,mhaythif@tiny.cc,Male,53.137.176.12
665,Felecia,Kalisch,fkalischig@yahoo.com,Female,153.162.227.252
666,Kamillah,Dresse,kdresseih@sphinn.com,Female,14.18.120.177
667,Boyce,Fearn,bfearnii@japanpost.jp,Male,39.197.35.53
668,Oralia,Bazelle,obazelleij@dagondesign.com,Female,182.191.186.142
669,Kailey,Deniscke,kdenisckeik@ustream.tv,Female,82.115.182.195
670,Melanie,Cosely,mcoselyil@pagesperso-orange.fr,Female,250.74.108.193
671,Ludovico,Korejs,lkorejsim@google.ca,Male,218.10.212.227
672,Saloma,O'Gormally,sogormallyin@pagesperso-orange.fr,Female,57.43.180.34
673,Alexander,Wallen,awallenio@meetup.com,Male,48.144.160.157
674,Nancey,Lyness,nlynessip@stanford.edu,Female,136.181.184.115
675,Jillane,Ennion,jennioniq@ezinearticles.com,Female,145.254.197.52
676,Ilysa,O'Driscole,iodriscoleir@ftc.gov,Female,196.247.230.48
677,Clarisse,Padly,cpadlyis@sun.com,Female,171.145.153.126
678,Bailey,Papaminas,bpapaminasit@pcworld.com,Male,189.29.102.147
679,Friedrick,Etherson,fethersoniu@addthis.com,Male,202.103.100.231
680,Jerrilyn,Martinuzzi,jmartinuzziiv@google.com.hk,Female,85.123.29.41
681,Hadley,Davidovici,hdavidoviciiw@hubpages.com,Male,109.74.67.32
682,Milissent,Conant,mconantix@lulu.com,Female,195.28.96.11
683,Isidore,Caberas,icaberasiy@51.la,Male,85.17.97.81
684,Gaile,Glaserman,gglasermaniz@163.com,Male,206.2.164.162
685,Giacomo,Lawlor,glawlorj0@cbsnews.com,Male,166.171.157.54
686,Rosie,Chester,rchesterj1@squarespace.com,Female,230.40.116.156
687,Harriett,Sidney,hsidneyj2@so-net.ne.jp,Female,76.231.130.152
688,Shaughn,Artiss,sartissj3@hp.com,Male,253.93.240.6
689,Buddie,Goddman,bgoddmanj4@lycos.com,Male,207.247.240.160
690,Fidelia,Kennler,fkennlerj5@about.com,Female,141.165.6.92
691,Yvonne,Gaynes,ygaynesj6@furl.net,Female,222.70.90.21
692,Clint,Harriman,charrimanj7@auda.org.au,Male,102.233.38.179
693,Esta,Swedeland,eswedelandj8@spotify.com,Female,17.71.72.105
694,Flore,Judge,fjudgej9@live.com,Female,242.25.66.176
695,Claudius,Brazenor,cbrazenorja@canalblog.com,Male,176.225.154.28
696,Nicoli,Maryska,nmaryskajb@digg.com,Female,121.214.45.205
697,Gaspard,Munnion,gmunnionjc@smugmug.com,Male,177.189.71.245
698,Banky,Garnsey,bgarnseyjd@mozilla.com,Male,181.68.119.117
699,Banky,Corkill,bcorkillje@multiply.com,Male,243.205.158.152
700,Constantina,Girkin,cgirkinjf@fda.gov,Female,61.54.139.92
701,Paco,Boagey,pboageyjg@parallels.com,Male,137.206.160.185
702,Adeline,Conisbee,aconisbeejh@diigo.com,Female,178.240.215.169
703,Prentice,Twelvetrees,ptwelvetreesji@salon.com,Male,188.159.218.197
704,Camille,Alvarado,calvaradojj@columbia.edu,Female,167.204.123.15
705,Malvina,Halesworth,mhalesworthjk@surveymonkey.com,Female,254.28.46.53
706,Aridatha,Laugherane,alaugheranejl@usnews.com,Female,252.76.47.194
707,Geoffry,Babbidge,gbabbidgejm@photobucket.com,Male,157.171.162.136
708,Adelice,Spaughton,aspaughtonjn@timesonline.co.uk,Female,237.181.19.238
709,Fredric,Delcastel,fdelcasteljo@arizona.edu,Male,160.34.166.83
710,Kailey,MacDearmid,kmacdearmidjp@infoseek.co.jp,Female,234.159.216.107
711,Doris,Stuck,dstuckjq@imageshack.us,Female,179.51.175.43
712,Leona,Jales,ljalesjr@cbsnews.com,Female,119.126.156.227
713,Karel,Townshend,ktownshendjs@goo.gl,Male,210.113.59.184
714,Mariam,Jorgesen,mjorgesenjt@sun.com,Female,178.55.124.54
715,Saunderson,Gaitskell,sgaitskellju@techcrunch.com,Male,243.143.107.98
716,Tonie,Blomefield,tblomefieldjv@census.gov,Female,37.126.93.198
717,Hamnet,Dendle,hdendlejw@ucsd.edu,Male,208.247.254.77
718,Abe,Timeby,atimebyjx@chicagotribune.com,Male,197.137.152.166
719,Dar,Dewdney,ddewdneyjy@furl.net,Male,126.114.54.28
720,Dynah,Stein,dsteinjz@wufoo.com,Female,122.244.199.164
721,Alicea,Legging,aleggingk0@is.gd,Female,31.244.106.18
722,Karl,Skyrme,kskyrmek1@wiley.com,Male,167.207.235.237
723,Sarine,Thayre,sthayrek2@storify.com,Female,29.130.241.253
724,Chester,Derdes,cderdesk3@canalblog.com,Male,106.134.176.54
725,Robbie,Mallam,rmallamk4@dailymail.co.uk,Male,70.216.137.150
726,Irene,Lourens,ilourensk5@prweb.com,Female,93.168.252.136
727,Gasper,Deverose,gdeverosek6@dion.ne.jp,Male,200.177.90.114
728,Jami,Jurges,jjurgesk7@prlog.org,Female,251.56.81.80
729,Loretta,Church,lchurchk8@blogtalkradio.com,Female,111.100.171.29
730,Robbert,Hayesman,rhayesmank9@typepad.com,Male,130.82.222.41
731,Marj,Liley,mlileyka@noaa.gov,Female,104.235.5.147
732,Nathan,Tolomio,ntolomiokb@tinyurl.com,Male,118.108.190.186
733,Zarah,Jenkins,zjenkinskc@webeden.co.uk,Female,85.118.1.65
734,Daile,Wankel,dwankelkd@dmoz.org,Female,229.180.0.168
735,Mickie,Tue,mtueke@techcrunch.com,Male,24.73.146.11
736,Diandra,Poland,dpolandkf@ucoz.ru,Female,104.163.231.26
737,Brandon,McGirl,bmcgirlkg@hp.com,Male,246.112.6.121
738,Xylina,Scoullar,xscoullarkh@weebly.com,Female,133.28.18.22
739,Korella,Syder,ksyderki@wikipedia.org,Female,109.65.38.126
740,Katrine,Venable,kvenablekj@uiuc.edu,Female,80.31.191.192
741,Ardella,Blackburne,ablackburnekk@twitpic.com,Female,125.129.226.117
742,Sawyere,McCudden,smccuddenkl@cbslocal.com,Male,212.254.211.2
743,Klara,Livingston,klivingstonkm@mysql.com,Female,42.154.152.82
744,Mela,Shernock,mshernockkn@cbslocal.com,Female,130.77.65.254
745,Clarine,Andersen,candersenko@yellowbook.com,Female,10.102.244.96
746,Dasi,Pauluzzi,dpauluzzikp@craigslist.org,Female,192.64.39.52
747,Hollis,Denny,hdennykq@ning.com,Male,78.39.120.236
748,Abel,Mulvin,amulvinkr@domainmarket.com,Male,149.70.172.226
749,Welsh,Hessle,whessleks@google.co.jp,Male,226.101.42.176
750,Nancy,Kasper,nkasperkt@storify.com,Female,245.200.168.12
751,Peg,Doudny,pdoudnyku@china.com.cn,Female,208.3.39.30
752,Anna,Glasby,aglasbykv@dagondesign.com,Female,191.126.152.139
753,Willetta,Dallison,wdallisonkw@nytimes.com,Female,183.178.1.110
754,Berty,Sweetland,bsweetlandkx@virginia.edu,Female,23.214.59.24
755,Krisha,Seebright,kseebrightky@gnu.org,Male,202.11.134.124
756,Dag,Sidary,dsidarykz@w3.org,Male,104.207.76.4
757,Frazer,Auten,fautenl0@github.com,Male,46.180.148.186
758,Justis,Paggitt,jpaggittl1@sfgate.com,Male,129.23.38.233
759,Georgianne,Gillinghams,ggillinghamsl2@dot.gov,Female,146.196.179.38
760,Aleta,La Torre,alatorrel3@bizjournals.com,Female,177.127.26.203
761,Robyn,Ryle,rrylel4@wikia.com,Female,58.214.73.99
762,Malanie,Bower,mbowerl5@yahoo.co.jp,Female,68.253.161.164
763,Nelle,Hellen,nhellenl6@marketwatch.com,Female,27.31.69.255
764,D'arcy,Leveridge,dleveridgel7@bandcamp.com,Male,228.76.200.69
765,Karney,Winterscale,kwinterscalel8@tumblr.com,Male,116.176.66.157
766,Margo,Attawell,mattawelll9@booking.com,Female,119.192.20.34
767,Chelsie,Raleston,cralestonla@g.co,Female,0.6.179.176
768,Marketa,Broadis,mbroadislb@blinklist.com,Female,90.158.240.82
769,Louisette,Heathorn,lheathornlc@amazon.co.uk,Female,65.242.56.69
770,Pavel,Duncklee,pdunckleeld@wufoo.com,Male,98.43.57.169
771,Kerwin,Dantesia,kdantesiale@sogou.com,Male,140.205.10.18
772,Gates,Spink,gspinklf@china.com.cn,Female,107.147.8.144
773,Jarrid,Bernot,jbernotlg@paypal.com,Male,255.104.78.207
774,Libbi,Rattenberie,lrattenberielh@etsy.com,Female,255.71.15.236
775,Else,Huccaby,ehuccabyli@netscape.com,Female,118.165.179.250
776,Ronica,Grunwall,rgrunwalllj@ask.com,Female,209.246.39.165
777,Salim,Sprull,ssprulllk@ft.com,Male,201.89.196.18
778,Henrik,Durrell,hdurrellll@accuweather.com,Male,110.239.118.194
779,Lynn,Felmingham,lfelminghamlm@springer.com,Male,109.117.175.230
780,Benedikt,Padbery,bpadberyln@angelfire.com,Male,202.11.117.167
781,Andria,Bicker,abickerlo@bloomberg.com,Female,145.254.187.168
782,Elsbeth,Jzak,ejzaklp@sciencedaily.com,Female,20.205.203.203
783,Crawford,Sides,csideslq@furl.net,Male,159.72.20.27
784,Giacobo,Worley,gworleylr@ning.com,Male,246.229.233.195
785,Allistir,Gierardi,agierardils@marketwatch.com,Male,204.159.42.40
786,Brana,Wiffler,bwifflerlt@twitter.com,Female,18.73.100.52
787,Wandie,Neubigging,wneubigginglu@sciencedaily.com,Female,172.255.192.29
788,Anabella,Barbisch,abarbischlv@tmall.com,Female,156.118.208.111
789,Carina,Da Costa,cdacostalw@biblegateway.com,Female,194.160.70.88
790,Kane,Crookall,kcrookalllx@flickr.com,Male,86.209.157.1
791,Margaux,Rustidge,mrustidgely@craigslist.org,Female,168.193.112.53
792,Leigh,Reignould,lreignouldlz@godaddy.com,Male,27.41.58.167
793,Pete,Kobke,pkobkem0@goodreads.com,Male,58.62.136.218
794,Gwen,De la Yglesia,gdelayglesiam1@redcross.org,Female,54.164.191.103
795,Wally,Juckes,wjuckesm2@1und1.de,Female,125.98.3.52
796,Shanan,Frome,sfromem3@lycos.com,Male,206.146.15.115
797,Constantine,Saket,csaketm4@ow.ly,Male,193.134.202.231
798,Lynett,Tennick,ltennickm5@multiply.com,Female,158.247.240.133
799,Tiff,Farrar,tfarrarm6@mtv.com,Female,181.40.141.71
800,Arlen,Heatherington,aheatheringtonm7@networksolutions.com,Female,136.239.212.239
801,Roze,Barchrameev,rbarchrameevm8@sfgate.com,Female,205.58.178.142
802,Michel,Battram,mbattramm9@opera.com,Male,147.234.70.99
803,Oralee,Lamswood,olamswoodma@state.gov,Female,94.65.3.75
804,Breanne,Deveril,bdeverilmb@hp.com,Female,222.240.147.226
805,Tory,Ehrat,tehratmc@github.com,Female,88.35.133.61
806,Kristine,Twine,ktwinemd@woothemes.com,Female,133.4.207.90
807,Shaine,Linsley,slinsleyme@tinyurl.com,Female,213.49.26.80
808,Rikki,Ingree,ringreemf@photobucket.com,Male,30.246.190.50
809,Bearnard,Hylands,bhylandsmg@illinois.edu,Male,79.70.131.14
810,Jarvis,Mussett,jmussettmh@topsy.com,Male,78.243.46.45
811,Eveline,Wrout,ewroutmi@bbb.org,Female,113.248.64.200
812,Whitney,Glencorse,wglencorsemj@whitehouse.gov,Female,245.209.33.149
813,Shane,Bannon,sbannonmk@tinyurl.com,Female,243.132.179.148
814,Nicolina,Basillon,nbasillonml@dell.com,Female,219.225.194.178
815,Burke,Carlan,bcarlanmm@omniture.com,Male,70.63.176.39
816,Colette,Stileman,cstilemanmn@elpais.com,Female,247.13.136.6
817,Dario,Blinerman,dblinermanmo@yellowpages.com,Male,55.30.34.174
818,Mercy,Baudou,mbaudoump@time.com,Female,225.192.233.42
819,Sloan,Terne,sternemq@360.cn,Male,10.94.25.225
820,Brade,Saggs,bsaggsmr@shareasale.com,Male,109.62.215.200
821,Francine,Ormonde,formondems@wix.com,Female,112.202.39.112
822,Rafaellle,Lapley,rlapleymt@cnn.com,Male,245.45.118.138
823,Gay,Lipgens,glipgensmu@slashdot.org,Female,16.150.182.211
824,Cary,Hollier,cholliermv@flavors.me,Male,50.50.200.115
825,Waiter,Stride,wstridemw@state.gov,Male,171.140.137.136
826,Jacklyn,Brewis,jbrewismx@goo.ne.jp,Female,231.167.158.3
827,Ruth,Ahmed,rahmedmy@reuters.com,Female,34.6.69.108
828,Dona,Ramplee,drampleemz@phoca.cz,Female,128.74.213.6
829,Doyle,Housin,dhousinn0@uiuc.edu,Male,167.20.62.128
830,Jaye,Crookston,jcrookstonn1@umich.edu,Male,91.16.188.97
831,Amalia,Ray,arayn2@marketwatch.com,Female,173.252.81.95
832,Mickie,Nuss,mnussn3@tripod.com,Female,38.84.192.152
833,Petra,Priestland,ppriestlandn4@cornell.edu,Female,119.235.188.163
834,Urbano,Habbeshaw,uhabbeshawn5@unesco.org,Male,158.63.163.227
835,Freemon,Mabbott,fmabbottn6@fotki.com,Male,217.253.4.253
836,Cody,Stammler,cstammlern7@opensource.org,Female,34.138.14.219
837,Markos,Flieg,mfliegn8@technorati.com,Male,170.158.248.180
838,Adrea,Rymour,arymourn9@tinyurl.com,Female,70.91.140.106
839,Ophelia,Donaher,odonaherna@delicious.com,Female,56.253.7.72
840,Allistir,Goublier,agoubliernb@stanford.edu,Male,112.170.115.120
841,Lethia,Barradell,lbarradellnc@scribd.com,Female,12.211.235.168
842,Norbie,Doorly,ndoorlynd@yellowpages.com,Male,131.217.100.121
843,Erin,Lembke,elembkene@va.gov,Male,147.178.34.66
844,Timmie,Blethyn,tblethynnf@theglobeandmail.com,Male,202.40.71.84
845,Marita,Slowgrave,mslowgraveng@archive.org,Female,7.129.247.141
846,Matthieu,Behnke,mbehnkenh@redcross.org,Male,116.226.119.240
847,Lusa,Awmack,lawmackni@soundcloud.com,Female,79.236.191.145
848,Rustie,Brothwood,rbrothwoodnj@huffingtonpost.com,Male,99.139.125.221
849,Minnnie,Bilby,mbilbynk@mail.ru,Female,123.112.177.103
850,Garald,Cawse,gcawsenl@earthlink.net,Male,49.228.111.169
851,Sylvester,Esmond,sesmondnm@ucoz.com,Male,128.195.14.118
852,Thorn,Wimsett,twimsettnn@ovh.net,Male,74.109.251.226
853,Dar,Paintain,dpaintainno@github.io,Male,26.69.59.110
854,Theresa,Lyptrade,tlyptradenp@imgur.com,Female,170.72.230.105
855,Jodi,Winn,jwinnnq@quantcast.com,Male,99.241.129.138
856,Lark,Leason,lleasonnr@desdev.cn,Female,118.29.126.181
857,Diane-marie,Erskin,derskinns@usa.gov,Female,1.174.52.108
858,Bradly,Benzi,bbenzint@symantec.com,Male,25.151.253.179
859,Franciskus,Syfax,fsyfaxnu@cnbc.com,Male,90.226.90.14
860,Roxie,Kleinplatz,rkleinplatznv@fotki.com,Female,168.18.232.32
861,Nicolina,Tristram,ntristramnw@gov.uk,Female,182.180.105.129
862,Elizabet,Alecock,ealecocknx@webnode.com,Female,107.5.46.251
863,Herschel,Antuk,hantukny@arstechnica.com,Male,48.122.88.13
864,Judie,Lauret,jlauretnz@hexun.com,Female,102.135.53.250
865,Packston,Fleisch,pfleischo0@theglobeandmail.com,Male,231.170.224.238
866,Lia,Czyz,lczyzo1@earthlink.net,Female,190.205.114.29
867,Dar,Lancaster,dlancastero2@cdc.gov,Male,26.185.168.209
868,Gabbi,Berkery,gberkeryo3@creativecommons.org,Female,38.32.135.50
869,Meg,Giacometti,mgiacomettio4@amazon.co.jp,Female,86.120.41.200
870,Viviana,Khomich,vkhomicho5@eventbrite.com,Female,2.141.6.73
871,Sandi,Pascall,spascallo6@qq.com,Female,169.207.133.132
872,Ursala,Waller,uwallero7@nyu.edu,Female,103.208.125.225
873,Goddard,Nickerson,gnickersono8@qq.com,Male,43.53.120.130
874,Andriana,Laughlan,alaughlano9@ucla.edu,Female,237.55.75.207
875,Clementius,Goane,cgoaneoa@slideshare.net,Male,102.114.62.134
876,Farand,Lafoy,flafoyob@altervista.org,Female,235.217.20.49
877,Cecilio,Healks,chealksoc@zdnet.com,Male,112.170.170.131
878,Ericha,Scohier,escohierod@eventbrite.com,Female,34.55.113.132
879,Gerrie,Foulgham,gfoulghamoe@hc360.com,Female,38.84.181.24
880,Hadley,Paddon,hpaddonof@wsj.com,Male,177.64.165.243
881,Tiphany,Bert,tbertog@cmu.edu,Female,35.81.43.143
882,Casey,Iley,cileyoh@ovh.net,Female,56.30.198.237
883,Clayton,Bamb,cbamboi@google.co.uk,Male,150.221.80.137
884,Elisabetta,Bushe,ebusheoj@gravatar.com,Female,106.218.200.26
885,Stuart,Blaw,sblawok@comcast.net,Male,114.249.66.2
886,Merrily,Jonathon,mjonathonol@simplemachines.org,Female,190.146.120.62
887,Mandi,McAster,mmcasterom@google.com.br,Female,28.9.116.110
888,Hedwiga,Larvent,hlarventon@admin.ch,Female,95.2.62.82
889,Kriste,Latey,klateyoo@yahoo.com,Female,84.73.108.227
890,Coriss,Wilkin,cwilkinop@webnode.com,Female,147.56.152.160
891,Ferrel,Eccleston,fecclestonoq@feedburner.com,Male,224.67.38.104
892,Delcine,Wishart,dwishartor@guardian.co.uk,Female,246.29.20.36
893,Nye,Birwhistle,nbirwhistleos@mayoclinic.com,Male,109.207.112.147
894,Andy,Bulman,abulmanot@devhub.com,Male,104.175.0.148
895,Cart,Driscoll,cdriscollou@angelfire.com,Male,158.79.159.0
896,Nealson,Hamly,nhamlyov@surveymonkey.com,Male,51.68.58.255
897,Mair,Lindsey,mlindseyow@domainmarket.com,Female,130.167.216.57
898,Alyssa,Phettiplace,aphettiplaceox@mail.ru,Female,171.24.108.104
899,Baxie,Luxmoore,bluxmooreoy@acquirethisname.com,Male,179.18.216.253
900,Anjela,Gristock,agristockoz@rediff.com,Female,103.149.124.183
901,Launce,Brinicombe,lbrinicombep0@loc.gov,Male,182.16.42.161
902,Klarika,MacGeaney,kmacgeaneyp1@cyberchimps.com,Female,87.115.9.52
903,Talbert,Conley,tconleyp2@list-manage.com,Male,88.27.21.99
904,Portia,Beartup,pbeartupp3@cbc.ca,Female,75.10.60.144
905,Haze,Curds,hcurdsp4@alibaba.com,Male,179.190.206.209
906,Nathanael,Armitt,narmittp5@blinklist.com,Male,111.135.67.20
907,Nalani,Dullard,ndullardp6@hc360.com,Female,3.150.46.197
908,Delainey,Pawlata,dpawlatap7@amazon.co.jp,Male,152.158.226.201
909,Curran,Gillan,cgillanp8@jimdo.com,Male,8.117.96.123
910,Penni,Draijer,pdraijerp9@cnn.com,Female,235.55.73.37
911,Sheffy,Calderbank,scalderbankpa@unicef.org,Male,147.252.247.29
912,Emmet,Paulitschke,epaulitschkepb@github.io,Male,18.76.235.61
913,Welsh,Zorzoni,wzorzonipc@nba.com,Male,102.171.24.248
914,Aili,Tafani,atafanipd@answers.com,Female,192.46.222.160
915,Barthel,Polin,bpolinpe@booking.com,Male,12.96.196.142
916,Ulberto,Eilles,ueillespf@mozilla.com,Male,122.12.30.247
917,Kelby,Conybear,kconybearpg@live.com,Male,33.2.144.11
918,Liv,Braban,lbrabanph@foxnews.com,Female,53.195.73.67
919,Andriette,Benedicte,abenedictepi@msn.com,Female,69.5.99.25
920,Alair,Bloxsum,abloxsumpj@elegantthemes.com,Male,245.63.21.80
921,Gretel,Dunhill,gdunhillpk@foxnews.com,Female,78.252.116.125
922,Dorey,Gabala,dgabalapl@cbsnews.com,Male,166.206.109.100
923,Reynold,Ayto,raytopm@biblegateway.com,Male,169.51.172.213
924,Annaliese,Rastall,arastallpn@i2i.jp,Female,88.203.213.23
925,Regina,Drage,rdragepo@netlog.com,Female,85.227.24.130
926,Danell,Grinnov,dgrinnovpp@unc.edu,Female,35.191.232.238
927,Micky,Janse,mjansepq@google.pl,Female,103.92.98.243
928,Salvatore,Ebbers,sebberspr@liveinternet.ru,Male,218.245.18.212
929,Loise,Barbary,lbarbaryps@tripod.com,Female,102.196.93.219
930,Gasper,Vasenkov,gvasenkovpt@csmonitor.com,Male,61.13.80.145
931,Obie,O'Deegan,oodeeganpu@blinklist.com,Male,214.183.157.89
932,Gaylor,Jindacek,gjindacekpv@fema.gov,Male,188.123.15.103
933,Tish,Suermeiers,tsuermeierspw@t.co,Female,217.250.73.102
934,Jarid,Pennicott,jpennicottpx@elegantthemes.com,Male,50.177.43.159
935,Armin,Halifax,ahalifaxpy@go.com,Male,221.210.100.115
936,Georgena,McCloughen,gmccloughenpz@shop-pro.jp,Female,110.220.39.27
937,Johannah,Dewen,jdewenq0@ft.com,Female,112.90.44.65
938,Thaine,Corgenvin,tcorgenvinq1@about.com,Male,145.2.110.99
939,Moritz,Rheubottom,mrheubottomq2@mtv.com,Male,8.135.11.119
940,Tim,Dumbrill,tdumbrillq3@angelfire.com,Male,71.138.68.40
941,Melitta,Dwyer,mdwyerq4@delicious.com,Female,249.246.234.88
942,Sara-ann,Rolls,srollsq5@oracle.com,Female,115.45.227.33
943,Krishnah,Gurton,kgurtonq6@senate.gov,Male,82.82.179.29
944,Willette,Hue,whueq7@answers.com,Female,130.190.34.240
945,Clarinda,Mapston,cmapstonq8@upenn.edu,Female,203.224.89.38
946,Tobin,Royan,troyanq9@wordpress.com,Male,164.116.64.188
947,Allyce,Conew,aconewqa@accuweather.com,Female,211.190.122.142
948,Margit,Bauman,mbaumanqb@slashdot.org,Female,73.90.210.66
949,Fancie,Ciccotto,fciccottoqc@noaa.gov,Female,111.94.82.253
950,Myrwyn,Leimster,mleimsterqd@discovery.com,Male,81.95.41.172
951,Antonetta,Cluse,acluseqe@japanpost.jp,Female,140.227.63.160
952,Kariotta,Ramstead,kramsteadqf@purevolume.com,Female,198.35.248.111
953,Samantha,Edeler,sedelerqg@360.cn,Female,194.110.25.122
954,Beilul,Vezey,bvezeyqh@irs.gov,Female,230.101.144.231
955,Susana,La Croce,slacroceqi@pagesperso-orange.fr,Female,47.167.242.201
956,Alecia,Wrixon,awrixonqj@tinyurl.com,Female,232.183.103.177
957,Nichols,LeEstut,nleestutqk@merriam-webster.com,Male,159.107.92.82
958,Nana,Segot,nsegotql@over-blog.com,Female,116.241.189.67
959,Kaiser,Theml,kthemlqm@usgs.gov,Male,60.169.4.40
960,Basilius,Tomicki,btomickiqn@so-net.ne.jp,Male,35.61.190.121
961,Elana,Saurat,esauratqo@amazon.co.uk,Female,197.18.139.233
962,Walker,Henrych,whenrychqp@geocities.jp,Male,139.204.186.71
963,Cleon,Stuffins,cstuffinsqq@1und1.de,Male,50.10.44.131
964,Abraham,Kloss,aklossqr@goo.ne.jp,Male,197.195.107.162
965,Perry,MacDonough,pmacdonoughqs@tumblr.com,Male,166.37.175.152
966,Leese,Broinlich,lbroinlichqt@yelp.com,Female,142.46.110.187
967,Inna,Vears,ivearsqu@bluehost.com,Female,128.206.69.134
968,Karoly,Utterson,kuttersonqv@netlog.com,Female,0.73.126.76
969,Claudelle,Kopf,ckopfqw@yandex.ru,Female,134.10.84.70
970,Franchot,Rigden,frigdenqx@intel.com,Male,169.105.180.214
971,Reinaldos,Ovenden,rovendenqy@businesswire.com,Male,56.179.238.255
972,Lenard,Ruxton,lruxtonqz@clickbank.net,Male,155.10.9.197
973,Beltran,Scirman,bscirmanr0@wix.com,Male,135.49.171.68
974,Donalt,Bresnahan,dbresnahanr1@mozilla.org,Male,233.88.184.167
975,Nichol,Tukely,ntukelyr2@hud.gov,Female,179.72.38.78
976,Bordy,Bradwell,bbradwellr3@eventbrite.com,Male,93.122.83.241
977,Marcie,Bendall,mbendallr4@webeden.co.uk,Female,171.72.21.239
978,Luce,Vannikov,lvannikovr5@google.cn,Female,138.107.19.29
979,Padgett,Rushbrook,prushbrookr6@artisteer.com,Male,189.221.95.201
980,Gibb,Paylor,gpaylorr7@jiathis.com,Male,197.239.124.233
981,Randi,Olyff,rolyffr8@istockphoto.com,Male,118.70.162.211
982,Robby,Harrison,rharrisonr9@posterous.com,Female,82.55.249.1
983,Ian,Marritt,imarrittra@ow.ly,Male,239.50.190.205
984,Rochester,Kippie,rkippierb@boston.com,Male,99.48.225.14
985,Ronni,Girk,rgirkrc@xrea.com,Female,100.7.22.225
986,Nesta,Aston,nastonrd@drupal.org,Female,186.115.154.10
987,Briant,Bichard,bbichardre@mac.com,Male,30.122.93.93
988,Berkie,Sawood,bsawoodrf@smugmug.com,Male,245.18.232.221
989,Meriel,Busswell,mbusswellrg@deviantart.com,Female,239.58.240.246
990,Wallie,Haughton,whaughtonrh@bizjournals.com,Female,62.115.169.43
991,Josee,Philott,jphilottri@istockphoto.com,Female,208.193.240.211
992,Kathy,Weld,kweldrj@nature.com,Female,22.13.127.156
993,Merwin,Downage,mdownagerk@addtoany.com,Male,32.130.97.151
994,Lynda,Girogetti,lgirogettirl@nature.com,Female,73.176.156.170
995,Yuri,Waistell,ywaistellrm@economist.com,Male,176.100.26.91
996,Konrad,Meeson,kmeesonrn@twitter.com,Male,164.45.54.252
997,Madeleine,Mangam,mmangamro@tuttocitta.it,Female,191.239.85.172
998,Bale,Laffranconi,blaffranconirp@pinterest.com,Male,150.91.27.26
999,Shela,Gierok,sgierokrq@yelp.com,Female,75.184.176.214
1000,Alvinia,Magwood,amagwoodrr@sfgate.com,Female,29.77.161.122
